<?xml version="1.0" encoding="UTF-8"?>
<GenRun Id="synth_1" LaunchPart="xc7z010clg400-3" LaunchTime="1617231896">
  <File Type="PA-TCL" Name="MASTER_IP_v1_0.tcl"/>
  <File Type="RDS-PROPCONSTRS" Name="MASTER_IP_v1_0_drc_synth.rpt"/>
  <File Type="REPORTS-TCL" Name="MASTER_IP_v1_0_reports.tcl"/>
  <File Type="RDS-RDS" Name="MASTER_IP_v1_0.vds"/>
  <File Type="RDS-UTIL" Name="MASTER_IP_v1_0_utilization_synth.rpt"/>
  <File Type="RDS-UTIL-PB" Name="MASTER_IP_v1_0_utilization_synth.pb"/>
  <File Type="RDS-DCP" Name="MASTER_IP_v1_0.dcp"/>
  <File Type="VDS-TIMINGSUMMARY" Name="MASTER_IP_v1_0_timing_summary_synth.rpt"/>
  <File Type="VDS-TIMING-PB" Name="MASTER_IP_v1_0_timing_summary_synth.pb"/>
  <FileSet Name="sources" Type="DesignSrcs" RelSrcDir="$PSRCDIR/sources_1">
    <Filter Type="Srcs"/>
    <File Path="$PPRDIR/../../../Users/stoyelgm/ip_repo/MASTER_IP_1.0/hdl/MASTER_IP_v1_0_M00_AXI.vhd">
      <FileInfo>
        <Attr Name="Library" Val=""/>
        <Attr Name="UsedIn" Val="synthesis"/>
        <Attr Name="UsedIn" Val="simulation"/>
      </FileInfo>
    </File>
    <File Path="$PPRDIR/../../../Users/stoyelgm/ip_repo/MASTER_IP_1.0/hdl/MASTER_IP_v1_0.vhd">
      <FileInfo>
        <Attr Name="Library" Val=""/>
        <Attr Name="UsedIn" Val="synthesis"/>
        <Attr Name="UsedIn" Val="simulation"/>
      </FileInfo>
    </File>
    <File Path="$PPRDIR/../../../Users/stoyelgm/ip_repo/MASTER_IP_1.0/component.xml">
      <FileInfo SFType="IPXACT"/>
    </File>
    <File Path="$PPRDIR/../../../Users/stoyelgm/ip_repo/videomemlab_master_v1_0_M00_AXI.vhd">
      <FileInfo>
        <Attr Name="AutoDisabled" Val="1"/>
        <Attr Name="UsedIn" Val="synthesis"/>
        <Attr Name="UsedIn" Val="simulation"/>
      </FileInfo>
    </File>
    <Config>
      <Option Name="DesignMode" Val="RTL"/>
      <Option Name="TopModule" Val="MASTER_IP_v1_0"/>
      <Option Name="TopRTLFile" Val="$PPRDIR/../../../Users/stoyelgm/ip_repo/MASTER_IP_1.0/hdl/MASTER_IP_v1_0.vhd"/>
    </Config>
  </FileSet>
  <FileSet Name="constrs_in" Type="Constrs" RelSrcDir="$PSRCDIR/constrs_1">
    <Filter Type="Constrs"/>
    <Config>
      <Option Name="ConstrsType" Val="XDC"/>
    </Config>
  </FileSet>
  <FileSet Name="utils" Type="Utils" RelSrcDir="$PSRCDIR/utils_1">
    <Filter Type="Utils"/>
    <Config>
      <Option Name="TopAutoSet" Val="TRUE"/>
    </Config>
  </FileSet>
  <Strategy Version="1" Minor="2">
    <StratHandle Name="Vivado Synthesis Defaults" Flow="Vivado Synthesis 2019">
      <Desc>Vivado Synthesis Defaults</Desc>
    </StratHandle>
    <Step Id="synth_design"/>
  </Strategy>
</GenRun>
